id,Name,titleProject_id,class,score,login,password
0,Сербин Геннадий Михаилович,7,8в,2,Сербин_ГМ,0rJUIjeM
1,Папандина Клавдия Яковлевна,304,9в,5,Папандина_КЯ,5Hcqnn4M
2,Белагина Галина Андреевна,396,9а,4,Белагина_ГА,TpLYuq0i
3,Кижняева Анна Леонидовна,178,7и,2,Кижняева_АЛ,gtFxbqxd
4,Цывин Олег Яковлевич,446,7т,2,Цывин_ОЯ,oLlZmBMD
5,Жидняева Ксения Эдуардовна,373,7х,4,Жидняева_КЭ,R1rVAznj
6,Липковский Анатолий Иванович,144,10а,2,Липковский_АИ,ChH1OZDi
7,Меднова Наталья Богдановна,290,7и,5,Меднова_НБ,3os3Q4Lx
8,Житихин Вячеслав Романович,141,9а,5,Житихин_ВР,qIt9xE1b
9,Шеврина Полина Максимовна,33,11а,5,Шеврина_ПМ,s8CCHucB
10,Алпеев Валентин Данилович,323,8а,2,Алпеев_ВД,BptNfBaq
11,Золикова Клара Игоревна,364,10х,2,Золикова_КИ,JxOb7Syp
12,Дориков Дмитрий Петрович,296,10г,5,Дориков_ДП,7scRD8dw
13,Корабышев Кирилл Михаилович,302,8и,5,Корабышев_КМ,meEbhIjz
14,Ростовиков Константин Николаевич,336,10а,2,Ростовиков_КН,HWtRL8jz
15,Нехаев Дмитрий Фёдорович,129,7х,4,Нехаев_ДФ,VClPS4Nb
16,Зызлова Мария Николаевна,430,8г,3,Зызлова_МН,m81f1nIF
17,Королупов Валерий Тимофеевич,397,10д,5,Королупов_ВТ,d2H1tWi3
18,Стенцов Евгений Яковлевич,315,8и,4,Стенцов_ЕЯ,rBNfGwK5
19,Феклисов Константин Виталиевич,270,9т,None,Феклисов_КВ,tuuOXB0R
20,Синелев Руслан Тимофеевич,300,8и,2,Синелев_РТ,0Zs2159S
21,Опевалова Вера Евгеньевна,473,9д,5,Опевалова_ВЕ,lDQJY6z8
22,Назерова Вероника Василевна,206,7б,5,Назерова_ВВ,YMvTEX3n
23,Дименская Светлана Дмитриевна,387,9д,5,Дименская_СД,XkY0H65L
24,Ковторева Раиса Василевна,482,9и,2,Ковторева_РВ,GZ2iZ8jA
25,Кулишнин Вячеслав Яковлевич,386,11х,5,Кулишнин_ВЯ,2huUIh5C
26,Лексин Кирилл Антонович,139,7в,5,Лексин_КА,WD5Ig91n
27,Лаковский Григорий Василиевич,240,7д,5,Лаковский_ГВ,GctwBSMM
28,Барамыкова Александра Алексеевна,106,10а,3,Барамыкова_АА,T2aPDF0U
29,Плясулина Оксана Андреевна,346,8х,2,Плясулина_ОА,JCRP17uQ
30,Петрикеев Станислав Яковлевич,14,7и,4,Петрикеев_СЯ,xxCAhEfD
31,Моторыгин Илья Георгиевич,238,10и,5,Моторыгин_ИГ,FEZuCW3O
32,Рыков Тарас Павлович,174,10и,5,Рыков_ТП,pseIZCl2
33,Иончикова Елизавета Егоровна,169,8д,5,Иончикова_ЕЕ,LnT9WZUx
34,Смолькина Алиса Егоровна,441,7г,5,Смолькина_АЕ,11wd5Ms5
35,Оболенин Герасим Павлович,472,7и,4,Оболенин_ГП,SSPdNUrG
36,Трощинский Георгий Борисович,67,9д,3,Трощинский_ГБ,Is3lHRNG
37,Поддубская Лиза Игоревна,496,10а,4,Поддубская_ЛИ,niGPzvpW
38,Телькова Валерия Олеговна,335,7х,4,Телькова_ВО,aSA4TpSF
39,Чигварина Александра Алексеевна,428,10б,2,Чигварина_АА,HNYY8Tco
40,Киреевский Артур Игоревич,119,7в,3,Киреевский_АИ,5oyVOPc4
41,Шумейкин Роман Павлович,420,8в,5,Шумейкин_РП,mdFmDsLa
42,Трушинов Максим Алексиевич,82,8и,4,Трушинов_МА,gTBStNLT
43,Голюков Денис Сергеевич,62,11б,4,Голюков_ДС,KSYBO8gg
44,Хлиманкова Надежда Валерьевна,461,10б,3,Хлиманкова_НВ,8jDGpiqJ
45,Кулаженков Алексей Олегович,367,10в,2,Кулаженков_АО,gIx6cBpd
46,Бутукин Владимир Адамович,221,7х,5,Бутукин_ВА,XfRrQ4tE
47,Поддуев Леонид Олегович,149,9х,4,Поддуев_ЛО,BraAfZpI
48,Ревцев Василий Павлович,360,9х,5,Ревцев_ВП,X4N34964
49,Старокожев Артём Юрьевич,46,8д,3,Старокожев_АЮ,CHdrcVpB
50,Светошев Максим Михаилович,321,10х,2,Светошев_ММ,oSDk0O9i
51,Старынина Кристина Федоровна,266,9д,3,Старынина_КФ,DxPHGqVE
52,Востров Дмитрий Денисович,282,9г,3,Востров_ДД,svwoIqGy
53,Бураханова Анастасия Леонидовна,16,8г,2,Бураханова_АЛ,tkVvvmaq
54,Понизов Виктор Кириллович,214,11и,5,Понизов_ВК,vN4rvzNw
55,Суздалев Валерий Алексеевич,66,11т,5,Суздалев_ВА,5AQntgWw
56,Колендин Дмитрий Алексеевич,153,10в,4,Колендин_ДА,nnZzB1sH
57,Сулькова Екатерина Андреевна,325,8и,4,Сулькова_ЕА,5nZdgXnN
58,Аржевитова Надежда Федоровна,242,10в,2,Аржевитова_НФ,cXQwRC3Z
59,Крассов Валерий Олегович,201,8х,5,Крассов_ВО,85kRmLiq
60,Сонураева Инна Андреевна,450,9т,3,Сонураева_ИА,XBPvlxwF
61,Пашин Роман Вадимович,204,10д,2,Пашин_РВ,BR6RiBcB
62,Фичкина Евгения Федоровна,29,11д,3,Фичкина_ЕФ,dkCTnmdO
63,Свилин Олег Виталиевич,123,8в,2,Свилин_ОВ,aOb51xRY
64,Рогоцкий Андрей Адамович,142,9в,2,Рогоцкий_АА,yCqCPuPG
65,Ахантьев Игорь Валериевич,80,10д,5,Ахантьев_ИВ,DvRJjaYV
66,Сочиникова Ксения Кирилловна,100,10д,2,Сочиникова_КК,7WKoKYpY
67,Остюков Артур Романович,329,11и,3,Остюков_АР,COiO13Lr
68,Брюкина Оксана Викторовна,98,8в,5,Брюкина_ОВ,JLMH58DL
69,Кузовенков Игорь Юрьевич,322,9г,None,Кузовенков_ИЮ,1kKtoBtU
70,Калухов Тарас Иванович,207,11а,3,Калухов_ТИ,daQk3WD7
71,Батыров Пётр Виталиевич,227,7и,3,Батыров_ПВ,NNl6p9Ii
72,Озрина Катерина Валерьевна,147,10а,4,Озрина_КВ,sJ5eBA45
73,Декалова Полина Леонидовна,470,11д,5,Декалова_ПЛ,sfPafUIz
74,Лосицкий Владимир Кириллович,369,9т,5,Лосицкий_ВК,uSkVKOyN
75,Магнусов Пётр Максимович,437,7и,5,Магнусов_ПМ,5DqBYrns
76,Лавренков Михаил Василиевич,188,9б,2,Лавренков_МВ,PUUa6pg9
77,Шушкалова Вероника Алексеевна,411,8т,5,Шушкалова_ВА,EaPfqzac
78,Бороданова Маргарита Дмитриевна,118,7г,5,Бороданова_МД,xHSOB6aq
79,Циркина Виолетта Федоровна,231,9г,2,Циркина_ВФ,a5ak0HG5
80,Болохина Екатерина Андреевна,194,11д,3,Болохина_ЕА,f0ue27O7
81,Чукалова Дарья Валерьевна,20,10г,4,Чукалова_ДВ,XqVLLrHY
82,Беловолов Степан Петрович,222,9д,2,Беловолов_СП,j5U0aXXg
83,Зудейкина Вероника Ивановна,166,8и,3,Зудейкина_ВИ,lHpwkWde
84,Макунова Мария Борисовна,47,9в,5,Макунова_МБ,i5VdmPZ8
85,Верзанский Геннадий Андреевич,497,7д,5,Верзанский_ГА,QxXGyzlB
86,Алтубин Ярослав Леонидович,414,10г,5,Алтубин_ЯЛ,tFJ6ha8C
87,Аузин Игорь Алексиевич,435,8х,5,Аузин_ИА,rzg7YhfT
88,Калыгин Степан Тимофеевич,353,8и,2,Калыгин_СТ,8UlQZi1r
89,Дурныгина Полина Игоревна,72,8и,2,Дурныгина_ПИ,HPk5eFmk
90,Антюфеева Александра Вадимовна,347,8и,2,Антюфеева_АВ,E2eQyyqn
91,Лощинский Борис Романович,210,10б,3,Лощинский_БР,XI3gPmLI
92,Ходорков Евгений Виталиевич,344,9г,5,Ходорков_ЕВ,1XeqimMH
93,Кафорин Федор Данилович,427,10д,3,Кафорин_ФД,dzeRhJD6
94,Косынская Алиса Дмитриевна,40,9в,3,Косынская_АД,EJwXitYj
95,Беремцев Артём Антонович,434,11т,2,Беремцев_АА,vlOl0zwM
96,Влянская Мария Андреевна,490,7т,4,Влянская_МА,rwGLeWFP
97,Мыгеева Лиза Василевна,280,8в,5,Мыгеева_ЛВ,DcIBwqFU
98,Акутникова Мария Алексеевна,173,11в,2,Акутникова_МА,Y9q89z7w
99,Карябкин Константин Максимович,89,7и,2,Карябкин_КМ,c8tjX7Tk
100,Прилепина Яна Максимовна,30,10в,5,Прилепина_ЯМ,4MjrGkcW
101,Ведищев Никита Георгиевич,365,7и,5,Ведищев_НГ,QCNAQlD2
102,Самчева Вероника Борисовна,287,10г,3,Самчева_ВБ,Jj9yjeg3
103,Пирцхалова Карина Леонидовна,452,10г,5,Пирцхалова_КЛ,id5YFXea
104,Павлочев Денис Борисович,432,11д,5,Павлочев_ДБ,eG5q2fIy
105,Арашкова Екатерина Евгеньевна,356,8х,None,Арашкова_ЕЕ,DvIex3ib
106,Байсарова Людмила Василевна,215,11и,2,Байсарова_ЛВ,T2ZF9kau
107,Кудекина Зинаида Игоревна,250,10и,3,Кудекина_ЗИ,NY70uu55
108,Дерналов Виталий Викторович,1,9г,4,Дерналов_ВВ,GorFroPX
109,Сазинова Галина Романовна,61,9и,3,Сазинова_ГР,5Mgv0Sat
110,Остаченова Марина Эдуардовна,229,9т,5,Остаченова_МЭ,Xrfd7MVe
111,Битюкова Яна Егоровна,488,9и,4,Битюкова_ЯЕ,SvHZT4P2
112,Иваницкий Константин Борисович,232,8д,5,Иваницкий_КБ,bYdEN5JI
113,Белянский Владислав Игоревич,74,11б,5,Белянский_ВИ,4uFfGq84
114,Баранкин Артём Алексеевич,382,9т,2,Баранкин_АА,DsewEHTQ
115,Шкабанова Софья Вадимовна,499,9х,4,Шкабанова_СВ,qbKAA0NE
116,Полозлов Денис Адамович,155,8т,3,Полозлов_ДА,TS6n0AJs
117,Жунина Светлана Михайловна,162,8в,3,Жунина_СМ,hB3Box7H
118,Пантыкин Борис Игоревич,245,9х,2,Пантыкин_БИ,69Xs2Pli
119,Доутова Марина Богдановна,189,11х,2,Доутова_МБ,asmaq27m
120,Трещалова Яна Андреевна,330,8б,3,Трещалова_ЯА,Duxua9Ea
121,Ивашечкин Александр Данилович,390,10т,4,Ивашечкин_АД,1XqQ3uT3
122,Мазьянова Инна Богдановна,416,11в,4,Мазьянова_ИБ,s30UXtKr
123,Корогев Николай Евгеньевич,184,8б,5,Корогев_НЕ,j00qEl8F
124,Заидова Галина Максимовна,88,9т,4,Заидова_ГМ,LxD3J5cw
125,Рамхин Кирилл Алексиевич,459,9х,4,Рамхин_КА,vC3Cuz4F
126,Кизбабаев Эдуард Фёдорович,415,11т,2,Кизбабаев_ЭФ,nolj9DID
127,Соурчаков Ярослав Валериевич,268,8б,2,Соурчаков_ЯВ,lzjB5s8U
128,Мотяшева Алена Михайловна,404,7т,2,Мотяшева_АМ,NQNwabEl
129,Горшкова Наталия Яковлевна,340,11а,2,Горшкова_НЯ,6SkfhcSG
130,Зябрицкий Игорь Виталиевич,332,7а,5,Зябрицкий_ИВ,xtN1iZm2
131,Шельдяев Игорь Юриевич,97,7д,5,Шельдяев_ИЮ,ExJS9VMy
132,Шмелькин Максим Викторович,483,9т,5,Шмелькин_МВ,JZ43xfAq
133,Жалкин Алексей Алексеевич,43,7а,3,Жалкин_АА,QmW7Fs1D
134,Худасов Денис Максимович,70,10д,2,Худасов_ДМ,Jazvmg7M
135,Швичкова Наталья Эдуардовна,398,7г,4,Швичкова_НЭ,71yJmDnV
136,Едская Жанна Валерьевна,436,11в,4,Едская_ЖВ,TyH3kRem
137,Поморзина Полина Евгеньевна,122,7д,4,Поморзина_ПЕ,WI551Mos
138,Будачева Кира Олеговна,55,11х,4,Будачева_КО,2WtkCoi8
139,Молкаев Василий Валериевич,216,8д,2,Молкаев_ВВ,fqo0HB0y
140,Яцынин Константин Тимофеевич,285,7г,2,Яцынин_КТ,HTt8Y6B5
141,Маховиков Василий Петрович,391,7х,4,Маховиков_ВП,bULcXdBS
142,Шаметова Евгения Вадимовна,463,7а,2,Шаметова_ЕВ,U7qEGbEG
143,Законнова Жанна Евгеньевна,442,11и,None,Законнова_ЖЕ,XRDJnHiw
144,Перчихин Аркадий Тимофеевич,164,10т,3,Перчихин_АТ,fZWROajj
145,Бурдасова Ксения Игоревна,203,9а,3,Бурдасова_КИ,t9Q6ce3A
146,Киссин Степан Иванович,251,7х,5,Киссин_СИ,CvTZLZA3
147,Вапилина Мария Егоровна,77,7д,2,Вапилина_МЕ,LBpjIbjl
148,Сигутина Дарья Федоровна,458,7б,2,Сигутина_ДФ,djKjwPdo
149,Сошьяков Альберт Фёдорович,17,7т,4,Сошьяков_АФ,k5NKyKQG
150,Лугахина Клара Вадимовна,419,8в,4,Лугахина_КВ,yGyeX9Cr
151,Логецкий Анатолий Виталиевич,372,11б,4,Логецкий_АВ,A7hVJDdU
152,Ковайкова Юлия Егоровна,75,10г,2,Ковайкова_ЮЕ,mr8cQ92C
153,Вермутский Валерий Петрович,447,9и,5,Вермутский_ВП,V3cxcx7n
154,Россомахов Олег Юриевич,56,8в,2,Россомахов_ОЮ,7Iv67yFR
155,Циплакова Екатерина Егоровна,471,9б,5,Циплакова_ЕЕ,4bNApXEp
156,Квятцева Алла Никитична,138,11в,2,Квятцева_АН,6ICViJvn
157,Выхухолева Лариса Василевна,384,8б,5,Выхухолева_ЛВ,0QolWN0e
158,Целохов Андрей Вадимович,433,8и,5,Целохов_АВ,tsJYDZ44
159,Бендин Иван Яковлевич,71,8и,4,Бендин_ИЯ,4GEQ9Qjp
160,Лазученков Василий Алексеевич,381,7х,2,Лазученков_ВА,5iliub5k
161,Скоропухов Михаил Василиевич,69,10и,3,Скоропухов_МВ,bxjqtGTW
162,Мухонкин Тарас Романович,126,9и,4,Мухонкин_ТР,Wf5mntbq
163,Камерцев Владимир Кириллович,303,7а,3,Камерцев_ВК,QvsqukRd
164,Сандрыкина Анна Олеговна,324,10т,2,Сандрыкина_АО,Zo6kQiWX
165,Недбайлов Алексей Денисович,15,7т,2,Недбайлов_АД,ELO0zpdx
166,Серпков Ярослав Георгиевич,380,10б,4,Серпков_ЯГ,g2Rnifk7
167,Хатшуклов Аркадий Николаевич,42,11т,4,Хатшуклов_АН,VWs4ucMr
168,Литвалиева Алиса Егоровна,10,11и,3,Литвалиева_АЕ,ht9RsCkE
169,Енесина Лиза Валерьевна,293,9б,5,Енесина_ЛВ,4QLdHY7H
170,Пикальков Эдуард Алексиевич,21,8д,5,Пикальков_ЭА,ZuxVFdaD
171,Сачинский Валентин Кириллович,125,10т,2,Сачинский_ВК,eG2nGGET
172,Тарзанова Евгения Аркадьевна,96,9д,2,Тарзанова_ЕА,S4oWuz9x
173,Лапундин Юрий Игоревич,267,8и,5,Лапундин_ЮИ,TmBh4JmC
174,Личева Лиза Михайловна,453,9б,3,Личева_ЛМ,JyRmifRB
175,Смароверов Яков Борисович,131,11в,4,Смароверов_ЯБ,oJcdjvaX
176,Вереина Алла Василевна,295,10и,3,Вереина_АВ,XireipTn
177,Погиблева Дарья Леонидовна,283,9в,5,Погиблева_ДЛ,f2yOBrhA
178,Байнова Анастасия Вадимовна,363,7б,3,Байнова_АВ,4DLPM9OR
179,Шиловский Вячеслав Максимович,438,9и,4,Шиловский_ВМ,3Ahb3sJF
180,Сыждиков Пётр Василиевич,494,11х,5,Сыждиков_ПВ,Ow6KPN0c
181,Каценова Алёна Эдуардовна,165,11т,2,Каценова_АЭ,WaK43tvO
182,Мужицких Ева Олеговна,348,8х,3,Мужицких_ЕО,L5aocolM
183,Плеснецов Степан Юрьевич,22,10а,2,Плеснецов_СЮ,2XqSv5aL
184,Игумнова Алёна Сергеевна,114,9д,4,Игумнова_АС,WIRUns0q
185,Хадаров Владимир Валериевич,278,11т,5,Хадаров_ВВ,aoTjpLsB
186,Ступакова Кира Ивановна,421,8и,3,Ступакова_КИ,rAtRhT7S
187,Шоленинов Федор Максимович,286,11т,4,Шоленинов_ФМ,z0QLAujG
188,Гундаров Руслан Николаевич,158,9д,4,Гундаров_РН,5XE6Drvd
189,Гречишева Марина Андреевна,464,7д,2,Гречишева_МА,Lo7abPgH
190,Утилова Алена Андреевна,253,11д,3,Утилова_АА,NbITysr8
191,Роткичева Алиса Максимовна,410,10а,4,Роткичева_АМ,8G5D1Kw7
192,Колтышева Марина Вадимовна,87,11г,4,Колтышева_МВ,P47y4WqQ
193,Гурычева Лариса Валерьевна,489,9б,2,Гурычева_ЛВ,EmVNFqMM
194,Горцева Кристина Никитична,246,8и,4,Горцева_КН,P9FPlCsp
195,Кутурин Геннадий Денисович,197,9в,2,Кутурин_ГД,oMpvyOc0
196,Стефанков Яков Евгеньевич,318,10г,3,Стефанков_ЯЕ,DBiwl2o4
197,Множина Людмила Василевна,90,8б,2,Множина_ЛВ,oettqjZg
198,Семисалов Георгий Иванович,316,9в,3,Семисалов_ГИ,cuBzOrON
199,Рогалов Альберт Валериевич,327,9б,2,Рогалов_АВ,UAB8eJFF
200,Черетаева Анастасия Олеговна,341,9б,2,Черетаева_АО,Edj3TLw2
201,Радоминова Любовь Игоревна,25,9и,5,Радоминова_ЛИ,7bEHTXS2
202,Шувырина Лиза Андреевна,395,9а,5,Шувырина_ЛА,vkcr2Gvq
203,Калиженков Семён Алексеевич,401,11а,4,Калиженков_СА,ruUA8qdu
204,Старокашин Константин Петрович,309,10а,3,Старокашин_КП,YmrJ62To
205,Малтоцов Аркадий Яковлевич,218,8а,3,Малтоцов_АЯ,VwgW4lcg
206,Кузеванова Ева Егоровна,116,7д,2,Кузеванова_ЕЕ,z5FdzCi9
207,Нурулина Алёна Егоровна,284,9х,2,Нурулина_АЕ,n4fOmBp8
208,Лератов Герасим Сергеевич,374,10а,4,Лератов_ГС,N6k4SWQP
209,Людин Руслан Аркадиевич,498,7и,3,Людин_РА,GN6Qgadr
210,Пурин Виктор Данилович,154,8и,5,Пурин_ВД,5TuODhGY
211,Лютов Виктор Юрьевич,288,11г,2,Лютов_ВЮ,ZuV0Yonq
212,Марюшкина Яна Федоровна,345,10д,5,Марюшкина_ЯФ,Z9ynOAjC
213,Томилова Кристина Михайловна,492,11б,3,Томилова_КМ,vXKtJ2tT
214,Дистерев Валерий Валериевич,24,7г,3,Дистерев_ВВ,vJyagLQO
215,Дочкин Геннадий Алексиевич,52,11и,5,Дочкин_ГА,tSW8wyGQ
216,Иняхин Руслан Сергеевич,234,7и,5,Иняхин_РС,fbPiaUE9
217,Знайкова Раиса Егоровна,148,11х,3,Знайкова_РЕ,oQMRMUcZ
218,Кашавцев Аркадий Леонидович,58,7а,4,Кашавцев_АЛ,gM0PPerd
219,Пятернина Кристина Андреевна,445,7и,2,Пятернина_КА,RIV4ttJD
220,Гусеева Карина Викторовна,263,9и,2,Гусеева_КВ,L6sKhdvp
221,Кастева Яна Сергеевна,108,7и,2,Кастева_ЯС,Gt3RumED
222,Гришанин Тарас Павлович,113,10т,2,Гришанин_ТП,QlwYk0x8
223,Грамоткин Илья Викторович,195,8д,5,Грамоткин_ИВ,a9vX6EKd
224,Мелисин Геннадий Василиевич,465,10г,2,Мелисин_ГВ,zxwlYpxU
225,Цинина Светлана Яковлевна,105,11г,5,Цинина_СЯ,kQemqDrp
226,Петов Георгий Адамович,57,9а,2,Петов_ГА,0t8BPIWB
227,Реева Валентина Максимовна,146,11и,5,Реева_ВМ,L65Q2ZC7
228,Слесивых Мария Аркадьевна,35,7и,5,Слесивых_МА,BVbrsFZY
229,Афтаева Полина Ивановна,193,10д,5,Афтаева_ПИ,vlAXhsXb
230,Кривицкий Валентин Виталиевич,208,8х,5,Кривицкий_ВВ,kyvX3HC5
231,Чубатов Константин Леонидович,279,11а,4,Чубатов_КЛ,AJs19wqg
232,Партенков Геннадий Павлович,418,8х,3,Партенков_ГП,5aTix3YD
233,Черушев Григорий Борисович,84,7г,4,Черушев_ГБ,DL4lVs1W
234,Тютекин Георгий Тимофеевич,262,7а,2,Тютекин_ГТ,QtZbiuu2
235,Янкевский Вячеслав Адамович,167,11г,4,Янкевский_ВА,WycGYuIx
236,Сухручкина Клавдия Аркадьевна,177,7в,4,Сухручкина_КА,lkpObSZG
237,Конофалова Клара Петровна,95,11д,5,Конофалова_КП,motcg0if
238,Лигасов Михаил Павлович,491,11г,4,Лигасов_МП,w8T0w29k
239,Писарьков Альберт Игоревич,313,8в,4,Писарьков_АИ,CXLq4h3O
240,Варов Кирилл Иванович,28,8а,5,Варов_КИ,VcmimAwR
241,Пурынов Евгений Петрович,244,9и,3,Пурынов_ЕП,g4UGg5IG
242,Супрутская Вероника Викторовна,187,9а,2,Супрутская_ВВ,doBd6pyZ
243,Скроцкая Алина Федоровна,127,8г,3,Скроцкая_АФ,G66H51DI
244,Барадулин Вадим Юрьевич,281,11х,3,Барадулин_ВЮ,KpbBOJ8p
245,Точилин Дмитрий Фёдорович,476,8а,2,Точилин_ДФ,TnDcFL31
246,Бикмуллин Руслан Валериевич,333,11т,2,Бикмуллин_РВ,cFNw6Uzo
247,Серпичев Василий Алексиевич,394,10х,5,Серпичев_ВА,gDGjUMlh
248,Вострышев Яков Аркадиевич,343,8г,5,Вострышев_ЯА,cMHqFKPM
249,Грушчева София Евгеньевна,480,11в,None,Грушчева_СЕ,wnGaDcDN
250,Кулапов Александр Юрьевич,109,9б,5,Кулапов_АЮ,GlFoyoo1
251,Чибисенков Владислав Фёдорович,375,8х,3,Чибисенков_ВФ,M6yJe7iv
252,Утилов Роман Василиевич,254,9х,2,Утилов_РВ,9IozCz8k
253,Татаурова Галина Федоровна,145,10т,4,Татаурова_ГФ,Js2Ishvt
254,Визавитина Наталия Леонидовна,101,10г,2,Визавитина_НЛ,6qfRoPX4
255,Мягченков Артём Денисович,115,7б,4,Мягченков_АД,P3s0Yg2l
256,Брикова Инна Богдановна,256,9б,4,Брикова_ИБ,U5APs8mf
257,Наторкин Валентин Данилович,319,7и,2,Наторкин_ВД,KpGmab7e
258,Эштрекова Софья Алексеевна,76,9в,3,Эштрекова_СА,oyglQ854
259,Кутаманова Кира Андреевна,182,10т,2,Кутаманова_КА,W6RtoxbM
260,Кыштымова Евгения Эдуардовна,255,8в,5,Кыштымова_ЕЭ,xarBghl4
261,Ккнязева Клавдия Дмитриевна,34,7б,5,Ккнязева_КД,prRlUGzz
262,Глаголина Алиса Никитична,249,9д,2,Глаголина_АН,uklpMwCL
263,Рисина Раиса Валерьевна,451,10а,4,Рисина_РВ,1ko9QvFt
264,Ребров Алексей Георгиевич,289,8и,3,Ребров_АГ,Ld13vnX9
265,Вырысалова Александра Евгеньевна,39,11и,2,Вырысалова_АЕ,G19OD87q
266,Гомольский Владимир Юриевич,314,11х,5,Гомольский_ВЮ,Yzbq0pC7
267,Швинова Марина Федоровна,271,8г,5,Швинова_МФ,MAgJ30Ew
268,Рудковская Инна Дмитриевна,6,7т,3,Рудковская_ИД,EH5QRdra
269,Решеткина Дарья Василевна,408,10и,3,Решеткина_ДВ,FesnmgjU
270,Евстихеев Игорь Василиевич,422,10х,5,Евстихеев_ИВ,jRmNWXGK
271,Лазарина Алёна Федоровна,161,8б,3,Лазарина_АФ,4XSvdxrO
272,Гляченков Григорий Николаевич,431,10а,5,Гляченков_ГН,ILN2asSH
273,Чардынцева Алина Вадимовна,135,10д,3,Чардынцева_АВ,IxnwKnCf
274,Скаредов Яков Иванович,337,9т,5,Скаредов_ЯИ,25S92meX
275,Юрицкий Эдуард Денисович,192,7д,3,Юрицкий_ЭД,oO2cAs8v
276,Кравчина Светлана Аркадьевна,413,11г,5,Кравчина_СА,Gyzcx3vv
277,Чмареткова Полина Вадимовна,449,10а,2,Чмареткова_ПВ,ElPnTojB
278,Углова Галина Романовна,260,9г,3,Углова_ГР,ehF3xl9u
279,Згуровская Виктория Андреевна,220,9т,4,Згуровская_ВА,Xap8JcAF
280,Секерский Станислав Сергеевич,235,10а,4,Секерский_СС,ExzvKPnB
281,Жевайкин Евгений Адамович,86,11г,3,Жевайкин_ЕА,cWlOA912
282,Коточигов Семён Игоревич,26,9д,5,Коточигов_СИ,xW9RufbF
283,Калонин Альберт Денисович,297,8б,2,Калонин_АД,wbqgJ3iv
284,Валягин Григорий Антонович,94,10в,4,Валягин_ГА,WmVNNOQD
285,Коцева Кристина Николаевна,412,9г,3,Коцева_КН,vve17jQv
286,Голина Кристина Максимовна,3,7х,3,Голина_КМ,ICTou2NF
287,Батрамеев Анатолий Романович,354,9х,3,Батрамеев_АР,8LxzDTOr
288,Чикмарев Валентин Валериевич,306,9и,5,Чикмарев_ВВ,9TrHeamj
289,Киницына Валерия Олеговна,202,7х,4,Киницына_ВО,lkjILWQe
290,Числин Юрий Денисович,121,7в,2,Числин_ЮД,3kFgmSvX
291,Стебунова Юлия Романовна,358,9т,3,Стебунова_ЮР,JZSzzLK5
292,Кацов Павел Павлович,236,10г,5,Кацов_ПП,SGNdDAgP
293,Гоцев Тарас Викторович,41,8в,3,Гоцев_ТВ,HxQZC20a
294,Мотовицкий Роман Аркадиевич,31,11и,5,Мотовицкий_РА,uKKocZRf
295,Чурзина Клара Егоровна,308,10б,3,Чурзина_КЕ,EZr24nOG
296,Щепалкина Валерия Сергеевна,134,9б,4,Щепалкина_ВС,vk83wRpI
297,Утимишев Ярослав Игоревич,239,11а,3,Утимишев_ЯИ,edZ31BIS
298,Алуханов Кирилл Фёдорович,298,7т,2,Алуханов_КФ,i7RJTuBh
299,Полунеев Валентин Валериевич,307,8и,2,Полунеев_ВВ,epWaF3r6
300,Крупенова Наталия Андреевна,209,7в,5,Крупенова_НА,nme1dxyH
301,Корнюшин Илья Юрьевич,44,10т,3,Корнюшин_ИЮ,H8PonzAE
302,Паушева Виолетта Никитична,310,8г,4,Паушева_ВН,LOWoMfMU
303,Берзин Герасим Антонович,349,11т,5,Берзин_ГА,OhoBPYwa
304,Шулунова Алла Алексеевна,54,7д,4,Шулунова_АА,to3ZOfaa
305,Трепашова София Яковлевна,399,11а,2,Трепашова_СЯ,9vp2PVOj
306,Чумейкин Константин Антонович,8,8б,5,Чумейкин_КА,72pEbBwN
307,Польшиков Денис Игоревич,495,9и,2,Польшиков_ДИ,VeSrOWzS
308,Медоусова Жанна Романовна,252,7б,2,Медоусова_ЖР,luANI5Gu
309,Акуратова Клавдия Андреевна,92,9г,5,Акуратова_КА,dnvUi8bf
310,Курмеева Елизавета Валерьевна,486,8а,5,Курмеева_ЕВ,ctLXrkuL
311,Бадов Александр Аркадиевич,217,10г,3,Бадов_АА,VBOnFUtI
312,Бакушин Эдуард Адамович,265,7б,5,Бакушин_ЭА,En0gOZzX
313,Чебина Инна Сергеевна,273,10т,2,Чебина_ИС,zC2O3NXM
314,Подледнова Наталья Ивановна,112,11и,3,Подледнова_НИ,VGnCBaSz
315,Садгеева Лиза Евгеньевна,460,11г,3,Садгеева_ЛЕ,HP5oT03j
316,Акушин Борис Павлович,493,9т,2,Акушин_БП,OgEQc4Mm
317,Аришев Руслан Кириллович,379,10т,3,Аришев_РК,WkRmGqMM
318,Гуслова Кристина Олеговна,389,9в,2,Гуслова_КО,G8IaffaS
319,Глоточкина Оксана Аркадьевна,370,9и,5,Глоточкина_ОА,iyCXCpra
320,Шапина Маргарита Романовна,163,8б,5,Шапина_МР,gyH6Hy6V
321,Дурылин Георгий Валериевич,261,11т,4,Дурылин_ГВ,15pQaHxG
322,Болкисева Анна Викторовна,248,7х,4,Болкисева_АВ,SkoDKHZJ
323,Багапов Вячеслав Сергеевич,99,7д,4,Багапов_ВС,cldmC3KB
324,Люцарева Яна Аркадьевна,376,11б,2,Люцарева_ЯА,hYrEksj3
325,Боготынина София Егоровна,63,11б,5,Боготынина_СЕ,LhHZ6LTj
326,Саюшкин Игорь Алексиевич,211,11х,5,Саюшкин_ИА,DkRQvoUD
327,Потешных Тамара Николаевна,468,11в,3,Потешных_ТН,CQlkAfnL
328,Незлина Жанна Василевна,426,8б,5,Незлина_ЖВ,tgtOeGuh
329,Федичева Вероника Кирилловна,37,7х,4,Федичева_ВК,eP07bUVU
330,Пустынкин Вадим Антонович,388,10в,5,Пустынкин_ВА,sM8irrFt
331,Аринакова Ирина Михайловна,150,8в,5,Аринакова_ИМ,gv4yOidm
332,Обиралкова Мария Егоровна,294,11т,5,Обиралкова_МЕ,9ecjkh93
333,Аристарова Валентина Максимовна,443,11г,2,Аристарова_ВМ,kBiILHch
334,Яуров Герасим Юрьевич,38,9а,5,Яуров_ГЮ,RG9jsQce
335,Духонькин Вячеслав Фёдорович,2,9в,4,Духонькин_ВФ,Va0SXwqY
336,Гвасков Евгений Михаилович,402,9в,5,Гвасков_ЕМ,X3cErJpb
337,Жабынина Галина Николаевна,185,7х,5,Жабынина_ГН,9wpfm6sk
338,Шерюкова Виолетта Романовна,440,9б,4,Шерюкова_ВР,rKwTrPdO
339,Колокатов Пётр Евгеньевич,484,10в,3,Колокатов_ПЕ,qMy6d6bP
340,Шайдуков Андрей Михаилович,317,9и,4,Шайдуков_АМ,SAD6GIjA
341,Смирнягина Дарья Игоревна,425,10в,4,Смирнягина_ДИ,JWnkrJDc
342,Штырева Ева Олеговна,258,11и,2,Штырева_ЕО,eKXTGrAn
343,Ашукин Вячеслав Михаилович,191,10т,4,Ашукин_ВМ,6M24dneQ
344,Рубченкова Галина Алексеевна,190,9в,3,Рубченкова_ГА,6yzX51F4
345,Зархин Иван Алексиевич,478,11и,5,Зархин_ИА,gJYLuK47
346,Адиотов Дмитрий Павлович,156,7б,3,Адиотов_ДП,GhrGAvYi
347,Тищенкова Раиса Валерьевна,79,7д,3,Тищенкова_РВ,XMDQL2Ez
348,Лозеев Илья Петрович,205,10д,2,Лозеев_ИП,4ODRxzxt
349,Кобяшов Герасим Михаилович,305,11т,2,Кобяшов_ГМ,sXIrXbz3
350,Ронова Клавдия Валерьевна,107,7и,4,Ронова_КВ,spAkhUSg
351,Стрижнов Алексей Евгеньевич,385,11г,3,Стрижнов_АЕ,2PU8Hdgx
352,Волынский Алексей Виталиевич,362,11т,5,Волынский_АВ,kQWHbyeJ
353,Машонский Василий Данилович,23,9д,5,Машонский_ВД,AYFDxdU6
354,Буриева Зинаида Аркадьевна,104,11д,4,Буриева_ЗА,GyNx7o9C
355,Борщина Алёна Ивановна,377,11а,5,Борщина_АИ,9rlyMJDl
356,Белчков Олег Иванович,275,10а,4,Белчков_ОИ,g3Pgyy2g
357,Остропиков Альберт Данилович,157,8г,2,Остропиков_АД,KJJuNa38
358,Оргонова Любовь Максимовна,264,7б,4,Оргонова_ЛМ,UGvX5sMc
359,Мальков Юрий Евгеньевич,228,7г,3,Мальков_ЮЕ,mpbzBux4
360,Свльхова Наталья Вадимовна,160,9т,5,Свльхова_НВ,hgcmqQvg
361,Мякушков Герасим Леонидович,102,10т,3,Мякушков_ГЛ,RTkC7cBH
362,Межуев Георгий Юриевич,355,8г,4,Межуев_ГЮ,PlQ6IIGP
363,Чериншев Александр Сергеевич,439,8а,2,Чериншев_АС,uk9agsUw
364,Муниров Алексей Андреевич,117,11г,3,Муниров_АА,KPceqX8M
365,Климухин Руслан Романович,269,10в,3,Климухин_РР,SVYkDbaQ
366,Дембская Екатерина Никитична,64,11б,4,Дембская_ЕН,NBqvXy2b
367,Тюнеев Яков Фёдорович,417,10т,2,Тюнеев_ЯФ,lg14kJxa
368,Трушитин Антон Данилович,168,9х,3,Трушитин_АД,2yMaS0fU
369,Балакишиев Роман Алексиевич,143,11х,5,Балакишиев_РА,HjHUCFaA
370,Немтюрева Валерия Аркадьевна,12,10г,4,Немтюрева_ВА,rdJ7L6gW
371,Складанова Клавдия Аркадьевна,257,9а,3,Складанова_КА,UZEhTSh5
372,Заходина Полина Леонидовна,93,10д,4,Заходина_ПЛ,USINnioS
373,Муринов Анатолий Борисович,171,11б,5,Муринов_АБ,4adsyX8E
374,Гришалова Любовь Евгеньевна,301,8т,3,Гришалова_ЛЕ,cKCnznux
375,Ситчихин Станислав Георгиевич,247,8т,5,Ситчихин_СГ,KsutqW9h
376,Просяных Георгий Василиевич,366,9в,2,Просяных_ГВ,4MkLXmLF
377,Дзабиев Григорий Георгиевич,259,11д,5,Дзабиев_ГГ,Dqk6jVeX
378,Рыбаулин Григорий Алексеевич,140,11а,5,Рыбаулин_ГА,x5zsIZCM
379,Тупиева Екатерина Ивановна,400,7д,2,Тупиева_ЕИ,elVxvV1x
380,Куверчева Алена Ивановна,170,10д,3,Куверчева_АИ,pL1imt0A
381,Цаблинова Виктория Богдановна,342,9г,4,Цаблинова_ВБ,pZgzsm5S
382,Синенков Григорий Леонидович,230,9в,5,Синенков_ГЛ,GJHFRLzO
383,Лизункин Артур Олегович,4,11в,5,Лизункин_АО,C9jUXrzw
384,Славущева Александра Эдуардовна,81,8а,5,Славущева_АЭ,JroAM3aA
385,Шахвердов Дмитрий Антонович,132,11б,2,Шахвердов_ДА,33ZUKSfH
386,Рапацкая Ольга Ивановна,223,10г,3,Рапацкая_ОИ,w4JPxQ8Z
387,Сторокожев Виталий Аркадиевич,159,9б,2,Сторокожев_ВА,HFIDk2on
388,Половодов Кирилл Николаевич,18,8т,5,Половодов_КН,WWbFTQ7U
389,Халтанова Алена Дмитриевна,49,8б,3,Халтанова_АД,hCrchUWw
390,Заложнев Роман Фёдорович,448,8в,4,Заложнев_РФ,aEBn9IG7
391,Рыжих Кристина Аркадьевна,213,7а,4,Рыжих_КА,2LmOMLhm
392,Буров Руслан Игоревич,405,11и,5,Буров_РИ,13u59HsL
393,Гачков Виталий Евгеньевич,277,9т,4,Гачков_ВЕ,WOiTS7AP
394,Кадилов Геннадий Борисович,225,10в,3,Кадилов_ГБ,geHj9vHc
395,Гликина Алёна Эдуардовна,454,9б,3,Гликина_АЭ,hhj5xw1C
396,Ичкинина Любовь Андреевна,299,8г,5,Ичкинина_ЛА,JRNIWEps
397,Мозшорина Кира Дмитриевна,65,8б,3,Мозшорина_КД,R8ekLrtF
398,Брижеватов Константин Борисович,152,11т,2,Брижеватов_КБ,wUqoiB6B
399,Бучеров Тарас Викторович,429,10д,4,Бучеров_ТВ,IUi7k9AA
400,Мисютина Валерия Эдуардовна,368,9г,2,Мисютина_ВЭ,19AvrvQd
401,Льянов Федор Вадимович,328,8а,4,Льянов_ФВ,m8LfWI1L
402,Щуркин Георгий Яковлевич,180,8в,4,Щуркин_ГЯ,ZEtmcsOc
403,Акулин Федор Адамович,241,10г,4,Акулин_ФА,Q0Z0x50c
404,Волженкова Екатерина Ивановна,233,9д,4,Волженкова_ЕИ,vPfUOPLD
405,Махометова София Викторовна,424,8и,3,Махометова_СВ,abPhepzs
406,Зызлов Геннадий Антонович,274,7в,3,Зызлов_ГА,Dd16eD5K
407,Девляшова Кира Олеговна,51,11д,5,Девляшова_КО,BI9JoRsM
408,Яковкина Алена Никитична,320,9т,5,Яковкина_АН,rzp9eHLw
409,Бузулев Вадим Николаевич,331,10д,3,Бузулев_ВН,ij72UYDC
410,Ганельский Юрий Юриевич,474,9д,3,Ганельский_ЮЮ,texbuIic
411,Шкапрова Ева Ивановна,371,7б,5,Шкапрова_ЕИ,KEaAvciR
412,Чичирин Владимир Георгиевич,11,10а,4,Чичирин_ВГ,2B2CGIc2
413,Шилова Надежда Викторовна,124,9б,2,Шилова_НВ,NPExvQqw
414,Коваев Руслан Михаилович,487,9т,3,Коваев_РМ,h6r72CzO
415,Саверина Надежда Андреевна,407,11б,4,Саверина_НА,NUoYyWQU
416,Тишанкин Олег Адамович,334,9д,3,Тишанкин_ОА,ONh6BL3E
417,Широпаев Валерий Сергеевич,406,9б,2,Широпаев_ВС,uLqMgUDd
418,Щепанин Олег Адамович,226,7а,3,Щепанин_ОА,yHyI90MB
419,Оплетин Владислав Аркадиевич,361,10х,4,Оплетин_ВА,Y3u0gFS8
420,Оденова Карина Андреевна,409,8и,4,Оденова_КА,dHKeVDCg
421,Семагин Альберт Андреевич,456,10х,4,Семагин_АА,SoLwcUFh
422,Черданцева Анастасия Олеговна,128,8х,3,Черданцева_АО,73bCZU20
423,Лонцова Елизавета Эдуардовна,224,7х,3,Лонцова_ЕЭ,zOn4Grxl
424,Сарсекеева Алёна Никитична,462,11и,4,Сарсекеева_АН,ptDUevfH
425,Аковецкий Антон Евгеньевич,500,8б,4,Аковецкий_АЕ,tytZgcCl
426,Аратский Станислав Борисович,351,9и,2,Аратский_СБ,ffn1uZUB
427,Чужриков Пётр Денисович,200,9в,3,Чужриков_ПД,r4Ipma9d
428,Никитшин Алексей Кириллович,111,11и,3,Никитшин_АК,VLG10jB0
429,Симендяев Василий Алексиевич,45,8д,4,Симендяев_ВА,ZiRGvrW8
430,Ошитков Максим Сергеевич,151,10г,4,Ошитков_МС,T5Hpd8PT
431,Юрасов Евгений Романович,338,9и,3,Юрасов_ЕР,3PELCdJ4
432,Головяшин Павел Юриевич,179,7г,5,Головяшин_ПЮ,a5pZo3Bm
433,Манжурина Екатерина Сергеевна,219,7т,3,Манжурина_ЕС,YG4QvG78
434,Никурашин Олег Евгеньевич,291,11х,2,Никурашин_ОЕ,41PcrQFN
435,Бехтерев Федор Вадимович,137,9х,3,Бехтерев_ФВ,DdDQBZw2
436,Годлевская Катерина Дмитриевна,403,11г,3,Годлевская_КД,yEzSwnsw
437,Акиярова Алина Эдуардовна,9,11а,4,Акиярова_АЭ,qppCsEcj
438,Милина Алена Петровна,359,8г,3,Милина_АП,DpJ0ysG6
439,Воловин Борис Викторович,350,7т,2,Воловин_БВ,2qB6txEF
440,Туморина Ксения Федоровна,133,8б,5,Туморина_КФ,X8jL38N7
441,Желейков Вячеслав Яковлевич,199,8г,3,Желейков_ВЯ,ZOyb6DBQ
442,Шишорнина Екатерина Алексеевна,183,8т,3,Шишорнина_ЕА,z2UhJ9vP
443,Юумогулова Виолетта Игоревна,311,10х,3,Юумогулова_ВИ,dUBkelb5
444,Рецков Денис Денисович,85,10д,2,Рецков_ДД,RkOC2FK3
445,Химунина Елизавета Ивановна,392,7д,2,Химунина_ЕИ,DkPxKpq8
446,Кобрянов Александр Алексиевич,455,7т,2,Кобрянов_АА,wICVYIR5
447,Бирылов Тарас Данилович,243,11а,3,Бирылов_ТД,jh7BNhRT
448,Туфатулин Ярослав Леонидович,485,8х,4,Туфатулин_ЯЛ,jwBuHDdn
449,Долбишев Николай Аркадиевич,292,10б,5,Долбишев_НА,rXkifJsM
450,Махтумова Алёна Эдуардовна,186,10б,4,Махтумова_АЭ,dSy4k0uW
451,Нарзаркин Алексей Романович,423,10т,2,Нарзаркин_АР,BMzmuA1J
452,Куранина Алена Леонидовна,196,9б,4,Куранина_АЛ,j1gawH8o
453,Ситюков Аркадий Евгеньевич,32,10в,3,Ситюков_АЕ,7q0NUaXF
454,Мизюрова Алиса Никитична,176,7г,4,Мизюрова_АН,7vUa17bY
455,Пандурова Алиса Дмитриевна,130,9б,2,Пандурова_АД,P4LYaO53
456,Жилейкин Борис Тимофеевич,91,7в,2,Жилейкин_БТ,83oL5FKJ
457,Корпункова Виолетта Сергеевна,83,11а,3,Корпункова_ВС,mpqFXkkI
458,Пашохонова Анастасия Федоровна,467,9в,4,Пашохонова_АФ,rXsPxas2
459,Сузальцева Тамара Михайловна,357,8х,4,Сузальцева_ТМ,8qhmrOOs
460,Чиличкина Светлана Яковлевна,5,8в,5,Чиличкина_СЯ,Vs7RlAJh
461,Шантыкова Карина Максимовна,198,10д,3,Шантыкова_КМ,WTJ84wUk
462,Недосекин Владислав Яковлевич,457,10а,4,Недосекин_ВЯ,KfS2I0VI
463,Максимкин Федор Фёдорович,172,10г,2,Максимкин_ФФ,wNE9z9ET
464,Матбиюшина Виктория Игоревна,237,8д,2,Матбиюшина_ВИ,AVpqMcvA
465,Шишкунов Герасим Юрьевич,110,8т,4,Шишкунов_ГЮ,fUkQB5Uk
466,Сухинин Георгий Алексиевич,475,10х,4,Сухинин_ГА,Db28HIVe
467,Бисеева Полина Романовна,48,7д,5,Бисеева_ПР,UFMp0dDK
468,Жукулов Михаил Денисович,60,11г,3,Жукулов_МД,XLH3bjQZ
469,Тоняев Герасим Петрович,378,9т,5,Тоняев_ГП,KVK0ogWW
470,Шушенкова Алёна Олеговна,36,7и,2,Шушенкова_АО,4lY8fHMs
471,Разроев Дмитрий Павлович,59,9а,2,Разроев_ДП,9TUuLsQC
472,Баззаев Анатолий Данилович,339,9д,2,Баззаев_АД,HThuoFwL
473,Цекова Алла Олеговна,50,8д,2,Цекова_АО,jn5JNsEn
474,Аборонова Алиса Алексеевна,444,7г,5,Аборонова_АА,XFIRz8DS
475,Ягловская Ева Олеговна,181,8в,4,Ягловская_ЕО,MD55S41b
476,Шароварова Яна Романовна,175,8а,4,Шароварова_ЯР,PmY29Bjl
477,Общев Яков Викторович,466,8а,4,Общев_ЯВ,AsnzZpAH
478,Ойзерская Катерина Эдуардовна,120,7х,2,Ойзерская_КЭ,24Lw9gzz
479,Прусский Ярослав Иванович,479,11б,2,Прусский_ЯИ,bcty2s28
480,Лабинов Павел Алексеевич,272,7б,5,Лабинов_ПА,BTMc5WkQ
481,Покровов Эдуард Павлович,312,8б,2,Покровов_ЭП,lmPWYFQB
482,Мачехин Эдуард Данилович,19,7д,3,Мачехин_ЭД,7guSlh5L
483,Кодорская Раиса Ивановна,27,11б,3,Кодорская_РИ,yIhLd9xA
484,Кондраева Марина Ивановна,469,9д,3,Кондраева_МИ,K03tZqtp
485,Бульенков Валентин Иванович,136,10т,4,Бульенков_ВИ,xPRsoimC
486,Тагакова Вероника Яковлевна,393,8т,4,Тагакова_ВЯ,hVpIK6QR
487,Гершанова Любовь Евгеньевна,383,11т,5,Гершанова_ЛЕ,v2nejYTz
488,Салина Алена Егоровна,73,11в,5,Салина_АЕ,DYoC3pte
489,Фрумова Зинаида Аркадьевна,78,8а,4,Фрумова_ЗА,NaBk2qRQ
490,Хорняков Борис Борисович,13,8г,2,Хорняков_ББ,1ishsn2R
491,Гдагазина Лиза Василевна,212,9т,5,Гдагазина_ЛВ,RegG1oB7
492,Агаршев Ярослав Михаилович,276,9т,2,Агаршев_ЯМ,6IzHI3Ri
493,Корюшин Пётр Антонович,326,8х,2,Корюшин_ПА,0MyFXQnW
494,Калаев Пётр Алексиевич,68,8а,3,Калаев_ПА,kPCgDhrZ
495,Ккаталкина Виолетта Егоровна,53,7б,2,Ккаталкина_ВЕ,V5QBaJGn
496,Рачнов Герасим Алексеевич,103,10а,5,Рачнов_ГА,shOGk0K7
497,Миндубаева Людмила Леонидовна,477,11и,2,Миндубаева_ЛЛ,yUvuc5QR
498,Агафьева Вера Ивановна,352,11х,3,Агафьева_ВИ,E4aHqTUe
499,Житин Эдуард Адамович,481,9а,5,Житин_ЭА,YbAA2Ddo
